car_id,vehicle_bbox,license_plate_bbox,license_plate_text,license_plate_text_score
4.0,"[791.5350952148438, 637.7046508789062, 1241.2386474609375, 1084.5355224609375]","[962.0299072265625, 963.4138793945312, 1105.9755859375, 1016.5709228515625]",LSSSEZV,0.7905651584751977
