car_id,vehicle_bbox,license_plate_bbox,license_plate_text,license_plate_text_score
5.0,"[1236.532470703125, 653.4200439453125, 1985.9566650390625, 1109.5631103515625]","[1729.739501953125, 1003.6316528320312, 1872.887939453125, 1059.237060546875]",LM6ORXB,0.5968584379200713
