car_id,vehicle_bbox,license_plate_bbox,license_plate_text,license_plate_text_score
1.0,"[66.2723617553711, 714.969482421875, 610.5838012695312, 1098.821533203125]","[188.0423126220703, 969.9519653320312, 327.3477783203125, 1014.814453125]",LDEIYVB,0.3336923699565934
